-- Migração de dados para Course, CourseClass e PresenceList
-- Gerado automaticamente em 2025-10-03 11:34:28

-- 1. INSERIR COURSES
INSERT INTO "Course" (
    id, name, description, workload, price, "createdAt", "updatedAt"
) VALUES
(3, 'Programa de 4 Semanas', NULL, '10h', 500.00, NOW(), NOW()),
(4, 'Programa de 8 Semanas', 'São oito (8) encontros de 2 horas em espaço reservado, uma vez por semana, ao longo de 2 meses, e mais um encontro na natureza de 4 horas, totalizando 20 horas de treinamento formal da atitude mindfulness, com um mesmo grupo, do início ao fim. Integra momentos de teoria e prática para o despertar da consciência plena, visando desenvolver a habilidade de estar 100% no presente, e fortalecer o poder de escolha consciente no aqui e agora, colocando atenção no que realmente importa para si, momento a momento. 
Ideal para quem deseja conhecer mais a fundo acerca do que se trata e de como ter esta atitude mindfulness no dia a dia. Revela-se um espaço de descoberta e treinamento para o despertar, desenvolver e fortalecer da consciência plena, através de conhecimentos, práticas e compartilhamentos semanais, que visam favorecer a aprendizagem e integração desta atitude no dia a dia.
Aconselho o programa de 8 semanas para quem tem intenção de desenvolver e adotar a atitude mindfulness no dia a dia, encontrando nele o assessoramento e o tempo necessários ao longo de 2 meses para levantar dúvidas, realizar esclarecimentos, compreender e treinar esta atitude na vida. 
Também se revela importante para quem deseja dar continuidade à sua formação em mindfulness, funcionando como um dos pré-requisitos necessários para aqueles quem tem intenção de se tornarem instrutores de mindfulness e utilizarem este conhecimento em suas práticas profissionais.', '20h', 1080.00, NOW(), NOW()),
(5, 'Curso Introdutório', 'Um final de semana inteiro, com 18 horas de conhecimentos e práticas, distribuídas nos dias de sábado e domingo, de 9h da manhã até 19h da noite. Ideal para quem mora longe e não tem disponibilidade de fazer o Programa de 8 semanas, mas quer compreender e sentir acerca do que se trata e de como fazer para desenvolver a consciência plena no momento presente.
Revela-se um espaço de mergulho na experiência de mindfulness, um intenso ponto de partida para quem deseja iniciar a vivência desta atitude de estar inteiro e consciente no dia a dia.
Este curso introdutório destina-se exclusivamente ao desenvolvimento pessoal do participante, e não funciona como um dos pré-requisitos necessários para a formação em mindfulness ou para seu uso profissional.', '18h', 950.00, NOW(), NOW()),
(6, 'Aula Regular de Mindfulness', 'MINDFULNESS (Consciência Plena): – Uma hora de aula com práticas variadas para desenvolver a atitude de consciência plena (mindfulness) no momento presente. Faz-se uso de conhecimentos das neurociências e práticas guiadas que orientam a atenção para âncoras em posturas específicas. Preferencial para quem já fez um programa de 8 semanas ou um curso introdutório de mindfulness, e deseja ter um espaço de treino contínuo para refinamento desta atitude na vida diária. Também pode ser realizada por aqueles que não tem experiência e ou conhecimento prévio em mindfulness.', '1h', 100.00, NOW(), NOW()),
(7, 'Aula Regular de Alongamento Orgânico', 'ALONGAMENTO ORGÂNICO: – Uma hora de aula de alongamento consciente com o corpo inteiro, em micromovimentos (cedendo o peso do corpo à gravidade em direção ao chão em cada postura estabelecida) ou macromovimentos (deslocamentos lentos com o corpo inteiro cedendo em direção ao chão até chegar em uma nova postura orientada). Visa relaxar a musculatura profunda, diluir tensões, liberar o fluxo de energia/líquidos/gases/hormônios corporais, e favorecer uma auto-regulação psicofisiológica do indivíduo. Esta prática de alongamento é guiada (integralmente) e leve (natural e sem esforço), tanto no momento de mover (deslocamento) quanto no de pausar (ceder na postura). Estimula o auto-cuidado momento a momento; a abertura para reconhecer tudo o que está presente no corpo, sem julgamento; a gratidão aos limites corporais percebidos; a gentileza no lidar com esses limites, sem forçar ou exigir; e a expansão da liberdade corporal para além destes limites, cedendo. Não é necessária experiência prévia.', '1h', 150.00, NOW(), NOW()),
(8, 'Aula Regular de Dança Terapêutica', 'DANÇA TERAPÊUTICA: – Uma hora e meia de aula de consciência plena, com foco no corpo, a cada momento, em 7 etapas de estimulação progressiva. A aula inicia com o corpo deitado, em uma atitude de presentificação, passando por um alongamento consciente até ficar de pé, seguida de movimentos espontâneos conscientes até uma dança pessoal consigo e depois com o grupo. A partir das sugestões e convites estimulados pelo instrutor e pela música, cada participante desenvolve sua capacidade de escuta do próprio corpo, em diálogo com as variáveis existentes no tempo-espaço de cada etapa de aula, dando canal aos seus recursos através de sua expressão pessoal. Cada indivíduo descobre o seu próprio corpo, alongamento, movimento e dança conscientes, entrando em contato com o seu sentir e guiando-se por ele, momento a momento. Cria-se uma dança integrativa, exclusiva e única, que só acontece no aqui-e-agora. Movimenta-se na direção de um bem-estar, que acontece através desta escuta e permissão do fluir desta capacidade auto regulatória intrínseca do organismo, com gentileza, que tende à expansão e equilíbrio do ser. Não é necessária experiência prévia.', '1h30min', 200.00, NOW(), NOW()),
(9, 'Curso de Aprofundamento', 'Uma imersão para refinar e fortalecer o entendimento e a vivência em Mindfulness.	
Este formato de curso é indicado para aqueles indivíduos que já realizaram algum programa de 8 semanas de treinamento em Mindfulness ou curso introdutório de Mindfulness com carga horária acima de 16 horas. 
Ele propõe um dia inteiro de práticas e compartilhares entre o instrutor e os participantes, visando esclarecer, desenvolver e aprimorar a experiência da atitude Mindfulness. 
Serão revisadas algumas práticas habitualmente utilizadas nos programas MTI, MBSR e MBCT, assim como, serão feitas algumas práticas exclusivas de cada um destes protocolos de treinamento.', '16h', 425.00, NOW(), NOW()),
(10, 'Evento - Saúde da Mulher', '“BEM-ESTAR NA PRÁTICA: APOIOS PARA UMA VIDA SAUDÁVEL E FELIZ!”
PROGRAMAÇÃO DO EVENTO:
8:00 – 8:45 – CHEGADA E CONFIRMAÇÃO DE INSCRIÇÃO ANTECIPADA.
8:45 – 9:00 – ACOMODAÇÃO NO ESPAÇO

9:00 – 9:55 – ABERTURA DO EVENTO E PALESTRA-VIVÊNCIA: “MULHER EM PLENITUDE”. PALESTRANTE: Dra. Angélica Gurjão Borba (Psicóloga, Instrutora de Mindfulness e Dança Terapêutica).

9:55 – 10:50 – PALESTRA: “MUDANÇAS DE HUMOR E ALTERAÇOES HORMONAIS DA MULHER”. PALESTRANTE: Dra. Norma Gamarra (Psiquiatra).

10:50 – 11:10 – COFFEE-BRAKE (NO LOCAL DO EVENTO)

11:10 – 12:05 – PALESTRA: “O PRAZER FEMININO”. PALESTRANTE:  Jacqueline Carrano (Psicóloga).

12:05 – 13:00 – PALESTRA: “AROMATERAPIA E O BEM-ESTAR FEMININO”. PALESTRANTE: Rosane Simões (Geógrafa, Esteticista, Aromaterapeuta e Terapeuta Holística).

13:00 – 14:00 – ALMOÇO EXTERNO (POR CONTA DE CADA PARTICIPANTE) 

14:00 – 15:00 – PALESTRA-VIVÊNCIA: “MULHER E AUTO-CUIDADO: RECONHECENDO O SAGRADO NO CORPO”. PALESTRANTE: Mariadalva Dantas (Terapeuta Transpessoal).

15:00 – 16:00 – PALESTRA: “O PODER DA PALAVRA FEMININA AOS OLHOS DA FÍSICA QUÂNTICA”. PALESTRANTE: Dra Nilde Borba (Médica Clínica Geral, Emergencista, Homeopata).

16:00 – 17:00 – PALESTRA-VIVÊNCIA: “BIODANZA – FORTALECENDO A IDENTIDADE DA MULHER!”
PALESTRANTE: Veronica Swalf (Instrutora de Biodanza e Yoga).

17:00 – 17:30 – ENCERRAMENTO.', '8h', 50.00, NOW(), NOW()),
(11, 'Oficina Lúdico-Terapêutica em grupo para jovens mulheres.', 'TÍTULO: HARMONIZANDO SENSIBILIDADE E FORÇA EM UM EQUILÍBRIO DINÂMICO, A PARTIR DO CONHECIMENTO, EXPRESSÃO E REALIZAÇÃO DE SI.

PROPOSTA: Acolhendo a sensibilidade e a força de cada jovem mulher, partindo do princípio de que cada uma já é plena e nada lhe falta, esta é uma proposta elaborada para oferecer um espaço terapêutico seguro, apoiador e nutritivo em grupo, para a realização de atividades corporais e artísticas, que estimulem e favoreçam o autoconhecimento, a autoexpressão e a autorrealização de cada participante. Trata-se de um Programa de Artes e Terapias Integradas, fundamentado em conhecimentos e práticas da psicologia, dança terapêutica e mindfulness, apoiado por músicas diversificadas, acrescido de atividades artísticas para a livre expressão criativa do corpo através do movimento, dança, canto, fala, escrita, desenho e interpretação cênica. Muito importante: Tem finalidade terapêutica, mas não se trata de uma psicoterapia.

ABORDAGENS CENTRAIS: Dança Terapêutica, Mindfulness e Artes em Geral.

OBJETIVO: Ampliar autoconhecimento, autorregulação emocional, autoexpressão e autorrealização, através de vivências corporais e artísticas, orientadas para a vivência autêntica do ser, em contínuo ganho de consciência plena, com gentileza, e sem julgamento. Visa promover, fundamentalmente, experiências que favoreçam cada participante tornar-se ciente de suas próprias virtudes, forças e recursos disponíveis no cenário do presente, a partir da relação com a sabedoria e o poder de seu próprio corpo, em harmonia com o outro e o ambiente ao seu redor, em direção a escolhas verdadeiras para si, momento a momento. Trabalharemos na prática o despertar e o fortalecer da curiosidade, compaixão e coragem de ser si mesma em sua ampla versão na vida.

RECOMENDAÇÕES: Observar seu interesse em aprofundar-se, com abertura, mesmo que singela nos seguintes pontos: Conhecer-se a si mesma, Descobrir os tesouros que habitam em seu interior, Expressar-se segundo sua vontade maior, Ser Gentil com o que é possível para si e para o outro, Realizar na prática o que acredita, e Usufruir de tudo que se revela no cenário do presente para seu próprio aprendizado e crescimento. Obs.: Não é necessária experiência prévia em qualquer Arte, apenas abertura para perceber-se e manifestar seu sentir nos canais de expressão propostos em cada encontro, em direção ao equilíbrio dinâmico de suas forças.

VESTIMENTAS: Roupas leves, flexíveis e confortáveis, justas e ou soltas, que permitam o movimento livre no espaço, individual e ou coletivamente, de modo a sentir-se à vontade. Podem ser roupas de dança, ginástica, meditação ou outras afins, sendo opcional o uso de meias para os pés, caso prefira.   

BENEFÍCIOS QUE PODEM ADVIR DA PRÁTICA CONTINUADA: Consciência de Si, Espontaneidade para Ser Você, Reconhecimento de Recursos Internos e Externos, Resiliência, Redução de Estresse, Relaxamento, Paz e Força Interior, Autoaceitação, Autocuidado, Autoconfiança, Flexibilidade Cognitiva, Treino Atencional, Ação Focada no Propósito, Compartilhamento Social e Pertencimento Universal.

DATA INICIAL: 12/08/2022. // DATA FINAL: 14/10/2022.

TOTAL DE 10 ENCONTROS: 12, 19, 26 (Agosto); 2, 9, 16, 23, 30 (Setembro); 7, 14 (Outubro).

DIA E HORÁRIO DAS SESSÕES: 6as-feiras, de 16:30 às 18:00 horas (1 hora e 30 minutos de duração).

PÚBLICO-ALVO: Jovens Mulheres Estudantes em Fase de Transição para a Vida Adulta.

LIMITE DE VAGAS: 8 participantes.

VALOR DA OFICINA: R$1.260,00. (À vista ou parcelado em 3 vezes sem juros).

INSCRIÇÃO PELO WHATSAPP (ARTE-IN): 21 97531-2574.

LOCAL DA OFICINA: CENTRO DE ARTES E TERAPIAS INTEGRADAS (ARTE-IN), Estrada do Galeão, 860, Sala 103 (Tocar o interfone da sala 104).

RESPONSÁVEL TÉCNICA (FORMAÇÃO): Dra. Angélica Borba, Psicóloga Clínica, Terapeuta Cognitivo-Comportamental, Mestre e Doutora em Psicologia (UFRJ), Terapeuta Através do Movimento (FAV), Instrutora Senior de Mindfulness (MTI) Instrutora de Dança Terapêutica (Método Autoral), Teacher in Training no Modelo Neurocognitivo de Mindfulness (BMT – King’s College/UK).', '15h', 1260.00, NOW(), NOW()),
(12, 'Imersão em Mindfulness', 'Será um final de semana dedicado à você, em atitude de presença repleta de compaixão e propósito, momento a momento! 

Seja muito bem-vinda(o)! Será um prazer partilharmos juntos esta jornada individual de descobrimento pessoal, acerca de estarmos presentes no presente! Inteiramente! Mais e mais!

Então, teremos nosso encontro de Imersão em Mindfulness nos dias 01/04 e 02/04/23.
Veja nossa Programação abaixo:

Sábado (01/04), de 9h às 18h, sendo:
09:00 - 10:45h – Treinamento (1).
10:45 – 11:15 – Coffee-Break no local do evento.
11:15 – 13h – Treinamento (2).
13:00 – 14:00h – Almoço (por conta de cada participante, com locais sugeridos na secretaria). 
14:00 – 15:45h – Treinamento (3).
15:45 – 16:15h – Coffee-Break no local do evento.
16:15 – 18:00h – Treinamento (4).

Domingo (02/04), de 9h às 12h, sendo:
09:00 - 10:20h – Treinamento (5).
10:20 – 10:40h – Coffee-Break no local do evento.
10:40 – 12:00h – Treinamento (6).

Obs.1: Ofereceremos todos os materiais necessários para você poder realizar o seu treinamento (água, prancheta, papel, caneta, tapetinho, colchonete, mantas e almofadas). Mas, caso deseje trazer o seu próprio material, fique à vontade.
 
Recomendação 1: Peço que procurem chegar com uma antecedência de 15 minutos, a fim de podermos nos organizar e iniciarmos às 9h, todos juntos, pontualmente. 

Recomendação 2:  Usar roupas confortáveis para você poder movimentar seu corpo livremente, e meias, se desejar, pois ficaremos descalços em piso laminado. 

Recomendação 3: Você também pode trazer sua garrafinha de água para abastecê-la no local, caso deseje permanecer com ela no espaço do treinamento.

O nosso ENDEREÇO é: Centro de Artes e Terapias Integradas – Estrada do Galeão, 860, 103/104, Ilha do Governador. Por gentileza, tocar no interfone da Secretaria na sala 104, apresentar-se e abriremos a porta para você.

Segue abaixo um link com um Formulário de Inscrição nesta Imersão em Mindfulness (01 e 02/04/23). Caso ainda não tenha Pedimos a gentileza de preenchê-lo e ao final clicar em Cadastrar, a fim de efetivar sua inscrição. Este procedimento é necessário para te conhecermos melhor e oficializarmos sua participação. Agradecemos sua colaboração!', '12h', 888.00, NOW(), NOW())
;

-- Atualizar sequência Course
SELECT setval('"Course_id_seq"', (SELECT COALESCE(MAX(id), 0) + 1 FROM "Course"), false);

-- 2. INSERIR COURSE CLASSES
INSERT INTO "CourseClass" (
    id, name, workload, "classNumber", location, address, "sessionDates",
    "startDate", "endDate", "startTime", "endTime", "daysOfWeek", shift, price,
    "createdAt", "updatedAt"
) VALUES
(4, 'Programa de 4 Semanas', '10h', '01', '1', 'Estrada do Galeão, 860, sala 103', '{}',
    '2017-06-20', '2017-07-11', '07:00', '09:30', '{Terça-feira}', 'Manhã', 500.00,
    NOW(), NOW()),
(5, 'Programa de 4 Semanas', '10h', '02', '1', 'Estrada do Galeão, 860, sala 103', '{2017-07-04,2017-07-11,2017-06-20,2017-06-27}',
    '2017-06-20', '2017-07-11', '14:00', '16:30', '{Terça-feira}', 'Tarde', 500.00,
    NOW(), NOW()),
(6, 'Programa de 8 Semanas', '20h', '03', '1', 'Estrada do Galeão, 860, sala 103', '{2017-09-01,2017-10-06,2017-09-08,2017-10-13,2017-09-15,2017-08-18,2017-09-22,2017-08-25,2017-09-29,2017-09-29}',
    '2017-08-18', '2017-10-13', '08:30', '10:30', '{Sexta-feira}', 'Manhã', 1080.00,
    NOW(), NOW()),
(7, 'Programa de 8 Semanas', '20h', '04', '6', 'Rua Sá Ferreira,202.', '{2017-10-03,2017-09-05,2017-10-10,2017-09-12,2017-08-15,2017-09-19,2017-08-22,2017-09-26,2017-08-29}',
    '2017-08-15', '2017-10-03', '14:00', '16:00', '{Terça-feira}', 'Tarde', 1080.00,
    NOW(), NOW()),
(8, 'Programa de 8 Semanas', '20h', '05', '2', 'Amok - Rua das Palmeiras, 96.', '{2017-10-03,2017-09-05,2017-10-10,2017-09-12,2017-08-15,2017-09-19,2017-08-22,2017-09-26,2017-08-29,2017-08-29}',
    '2017-08-15', '2017-10-10', '08:30', '10:30', '{Terça-feira}', 'Manhã', 1080.00,
    NOW(), NOW()),
(9, 'Programa de 8 semanas', '20h', '06', '1', 'Estrada do Galeão', '{2017-12-04,2017-11-06,2017-12-11,2017-11-13,2017-12-18,2017-11-20,2017-10-23,2017-11-27,2017-10-30,2017-10-30,2017-10-30}',
    '2017-10-23', '2017-12-18', '20:00', '22:00', '{Segunda-feira}', 'Noite', 1080.00,
    NOW(), NOW()),
(10, 'Programa de 8 Semanas', '20h', '07', '2', 'Amok: Rua das Palmeiras,96', '{2017-12-05,2017-11-07,2017-12-12,2017-11-14,2017-12-19,2017-11-21,2017-12-26,2017-11-28,2017-10-31,2017-10-31,2017-10-31}',
    '2017-10-31', '2017-12-26', '08:00', '10:00', '{Terça-feira}', 'Manhã', 1080.00,
    NOW(), NOW()),
(11, 'Curso Introdutório', '18h', '08', '1', 'Estrada do Galeão', '{2018-01-20,2018-01-21,2018-01-21,2018-01-21}',
    '2018-01-20', '2018-01-21', '09:00', '19:00', '{Segunda-feira}', 'Integral', 950.00,
    NOW(), NOW()),
(12, 'Curso Introdutório', '18h', '09', '2', 'Amok: Rua das Palmeiras,96', '{2018-02-10,2018-02-11,2018-02-11}',
    '2018-02-10', '2018-02-11', '09:00', '19:00', '{Segunda-feira}', 'Integral', 950.00,
    NOW(), NOW()),
(13, 'Programa de 8 Semanas', '20h', '10', '1', 'Estrada do Galeão', '{2018-04-02,2018-04-09,2018-05-14,2018-04-16,2018-05-21,2018-05-21,2018-02-23,2018-05-28,2018-04-30,2018-04-30}',
    '2018-04-02', '2018-05-28', '19:30', '21:30', '{Segunda-feira,Domingo}', 'Noite', 1080.00,
    NOW(), NOW()),
(14, 'Programa de 8 Semanas', '20h', '11', '2', 'Amok: Rua das Palmeiras,96', '{2018-05-01,2018-04-03,2018-05-08,2018-04-10,2018-05-15,2018-04-17,2018-05-22,2018-04-24,2018-05-29,2018-05-29}',
    '2018-04-03', '2018-05-29', '08:00', '10:00', '{Terça-feira}', 'Manhã', 1080.00,
    NOW(), NOW()),
(15, 'Curso Introdutório', '18h', '12', '1', 'Estrada do Galeão', '{2018-05-19,2018-05-20,2018-05-20}',
    '2018-05-19', '2018-05-20', '09:00', '19:00', '{Segunda-feira}', 'Integral', 950.00,
    NOW(), NOW()),
(16, 'Curso Introdutório', '18h', '13', '4', 'Alexandre Stockler, 4', '{}',
    '2018-06-09', '2018-06-10', '09:00', '19:00', '{}', 'Integral', 950.00,
    NOW(), NOW()),
(17, 'Curso Introdutório', '18h', '14', '4', 'Alexandre Stockler, 4', '{}',
    '2018-07-28', '2018-07-29', '09:00', '19:00', '{}', 'Integral', 950.00,
    NOW(), NOW()),
(18, 'Programa de 8 Semanas', '20h', '15', '1', 'Estrada do Galeão', '{2018-10-01,2018-09-03,2018-08-06,2018-09-10,2018-08-12,2018-09-17,2018-08-20,2018-08-24,2018-08-27}',
    '2018-08-06', '2018-10-01', '19:30', '21:30', '{Segunda-feira}', 'Noite', 1080.00,
    NOW(), NOW()),
(19, 'Programa de 8 Semanas', '20h', '16', '2', 'Amok: Rua das Palmeiras,96', '{2018-09-04,2018-10-09,2018-09-11,2018-08-14,2018-09-18,2018-08-21,2018-09-25,2018-08-28,2018-08-28}',
    '2018-08-14', '2018-10-09', '08:00', '10:00', '{Terça-feira}', 'Manhã', 1080.00,
    NOW(), NOW()),
(20, 'Programa de 8 Semanas', '20h', '17', '1', 'Estrada do Galeão', '{2018-12-03,2018-11-05,2018-12-10,2018-11-12,2018-12-17,2018-11-19,2018-11-26,2018-10-29}',
    '2018-10-29', '2018-12-17', '20:00', '22:00', '{Segunda-feira}', 'Noite', 1080.00,
    NOW(), NOW()),
(21, 'Curso Introdutório', '18h', '18', '4', 'Alexandre Stockler, 4', '{}',
    '2018-12-15', '2018-12-16', '09:00', '19:00', '{Segunda-feira}', 'Integral', 950.00,
    NOW(), NOW()),
(22, 'Curso Introdutório', '18h', '19', '1', 'Estrada do Galeão', '{}',
    '2019-02-02', '2019-02-03', '09:00', '19:00', '{Segunda-feira}', 'Integral', 950.00,
    NOW(), NOW()),
(23, 'Programa de 8 Semanas', '20h', '20', '2', 'Amok: Rua das Palmeiras,96', '{2019-05-02,2019-04-04,2019-03-07,2019-04-11,2019-03-14,2019-04-18,2019-03-21,2019-04-25,2019-03-28,2019-03-28}',
    '2019-03-07', '2019-05-02', '08:00', '10:00', '{Quinta-feira}', 'Manhã', 1080.00,
    NOW(), NOW()),
(24, 'Programa de 8 Semanas', '20h', '21', '1', 'Estrada do Galeão', '{2019-04-01,2019-04-08,2019-03-11,2019-04-15,2019-03-18,2019-04-22,2019-03-25,2019-04-27,2019-04-29}',
    '2019-03-11', '2019-04-29', '19:30', '21:30', '{Segunda-feira,Sábado}', 'Noite', 1080.00,
    NOW(), NOW()),
(25, 'Curso Introdutório', '18h', '22', '3', 'Espaço Essencial: Avenida Olegário Maciel,231', '{}',
    '2019-05-25', '2019-05-26', '09:00', '19:00', '{Segunda-feira}', 'Integral', 950.00,
    NOW(), NOW()),
(26, 'Programa de 8 Semanas', '20h', '23', '1', 'Estrada do Galeão', '{2019-07-01,2019-06-03,2019-08-04,2019-07-08,2019-06-10,2019-07-15,2019-06-17,2019-07-22,2019-06-24}',
    '2019-06-03', '2019-07-22', '19:30', '21:30', '{Segunda-feira,Sábado}', 'Noite', 1080.00,
    NOW(), NOW()),
(27, 'Programa de 8 Semanas', '20h', '24', '2', 'Amok: Rua das Palmeiras,96', '{2019-07-04,2019-08-08,2019-07-11,2019-08-15,2019-07-18,2019-08-22,2019-07-25,2019-06-27,2019-08-29}',
    '2019-06-27', '2019-08-28', '08:00', '10:00', '{Quinta-feira}', 'Manhã', 1080.00,
    NOW(), NOW()),
(28, 'Curso Introdutório', '18h', '25', '1', 'Estrada do Galeão', '{}',
    '2019-06-13', '2019-06-14', '09:00', '19:00', '{Segunda-feira}', 'Integral', 950.00,
    NOW(), NOW()),
(29, 'Curso Introdutório', '18h', '26', '4', 'Alexandre Stockler, 4', '{}',
    '2019-08-24', '2019-08-25', '09:00', '19:00', '{Segunda-feira}', 'Integral', 950.00,
    NOW(), NOW()),
(30, 'Programa de 8 Semanas', '20h', '27', '2', 'Amok: Rua das Palmeiras,96', '{2019-10-03,2019-09-05,2019-10-10,2019-09-12,2019-10-17,2019-09-19,2019-10-24,2019-09-26,2019-10-31,2019-10-31}',
    '2019-09-05', '2019-10-31', '08:00', '10:00', '{Quinta-feira}', 'Manhã', 1080.00,
    NOW(), NOW()),
(31, 'Curso Introdutório', '18h', '28', '4', 'Alexandre Stockler, 4', '{}',
    '2019-10-26', '2019-10-27', '09:00', '19:00', '{Segunda-feira}', 'Integral', 950.00,
    NOW(), NOW()),
(32, 'Programa de 8 Semanas', '20h', '29', '1', 'Estrada do Galeão', '{2019-12-02,2019-11-04,2019-12-09,2019-11-11,2019-12-15,2019-12-16,2019-11-18,2019-11-25,2019-10-28,2019-10-28}',
    '2019-10-26', '2019-12-16', '19:30', '21:30', '{Segunda-feira,Domingo}', 'Noite', 1080.00,
    NOW(), NOW()),
(33, 'Programa de 8 Semanas', '20h', '30', '2', 'Amok: Rua das Palmeiras,96', '{2019-12-05,2019-11-07,2019-12-12,2019-11-14,2019-12-14,2019-12-19,2019-11-21,2019-12-26,2019-11-28}',
    '2019-11-07', '2019-12-26', '08:00', '10:00', '{Quinta-feira,Sábado}', 'Manhã', 1080.00,
    NOW(), NOW()),
(34, 'Curso de Aprofundamento', '16h', '31', '1', 'Estrada do Galeão', '{}',
    '2019-12-01', '2019-12-01', '09:00', '19:00', '{Domingo}', 'Integral', 425.00,
    NOW(), NOW()),
(35, 'Curso Introdutório', '18h', '32', '5', 'Medicina de Consciência: Rua Dias Ferreira,78, Sala 301-1', '{}',
    '2019-12-07', '2019-12-08', '09:00', '19:00', '{Segunda-feira}', 'Integral', 950.00,
    NOW(), NOW()),
(36, 'Programa de 8 Semanas', '20h', '33', '1', 'Estrada do Galeão', '{2020-04-06,2020-03-09,2020-04-13,2020-03-16,2020-04-18,2020-04-20,2020-03-23,2020-04-27,2020-03-30}',
    '2020-03-09', '2020-04-27', '19:30', '21:30', '{Segunda-feira,Domingo}', 'Noite', 1080.00,
    NOW(), NOW()),
(37, 'Oficina Lúdico-Terapêutica', '15h', '36', '1', 'Estrada do Galeão', '{2022-09-02,2022-10-07,2022-09-09,2022-08-12,2022-10-14,2022-09-16,2022-08-19,2022-09-23,2022-08-26,2022-09-30}',
    '2022-08-12', '2022-10-14', '16:30', '18:00', '{Sexta-feira}', 'Tarde', 1260.00,
    NOW(), NOW()),
(38, 'I Jornada da Saúde da Mulher', '8h', '34', '1', 'Estrada do Galeão', '{2020-03-08}',
    '2020-03-08', '2020-03-08', '08:00', '17:30', '{Domingo}', 'Integral', 50.00,
    NOW(), NOW()),
(39, 'II Jornada da Saúde da Mulher', '8h', '35', '1', 'Estrada do Galeão', '{2022-08-07}',
    '2022-08-07', '2022-08-07', '08:30', '17:30', '{Domingo}', 'Integral', 75.00,
    NOW(), NOW()),
(40, 'Imersão em Mindfulness', '12h', '37', '1', 'Estrada do Galeão, número 860, sala 103/104', '{2023-01-14,2023-01-15}',
    '2023-01-14', '2023-01-15', '09:00', '18:00', '{Segunda-feira}', 'Integral', 888.00,
    NOW(), NOW()),
(41, 'III Jornada Sáude da Mulher', '8h', '38', '1', 'Estrada do Galeão, número 860, sala 103/104', '{}',
    '2023-03-12', '2023-03-12', '08:30', '17:30', '{Domingo}', 'Integral', 100.00,
    NOW(), NOW()),
(42, 'Imersão em Mindfulness', '12h', '39', '1', 'Estrada do Galeão, número 860, sala 103/104', '{2023-04-01,2023-04-02}',
    '2023-04-01', '2023-04-02', '09:00', '18:00', '{Segunda-feira}', 'Integral', 888.00,
    NOW(), NOW()),
(43, 'Oficina Lúdico-Terapêutica em Grupo para Jovens', '20h', '40', '1', 'Estrada do galeão, número 860, sala 103/104', '{}',
    '2023-06-02', '2023-08-18', '16:00', '18:00', '{Sexta-feira}', 'Tarde', 1260.00,
    NOW(), NOW()),
(44, 'Programa de 8 Semanas em Mindfulness', '20h', '41', '1', 'Estrada do Galeão, número: 860, sala 103/104', '{2023-07-01,2023-06-03,2023-08-05,2023-07-08,2023-06-10,2023-06-17,2023-07-22,2023-06-24,2023-07-29}',
    '2023-06-03', '2023-08-05', '10:00', '12:00', '{Sábado}', 'Manhã', 1280.00,
    NOW(), NOW()),
(45, 'Aula Regular em Mindfulness', '1h', '42', '1', 'Estrada do Galeão, número: 860, sala 103/104', '{}',
    '2023-04-08', '2023-07-29', '08:20', '09:20', '{Sábado}', 'Manhã', 40.00,
    NOW(), NOW()),
(46, 'Aula Regular em Dança Terapêutica', '2h', '43', '1', 'Estrada do Galeão, número: 860, sala 103/104', '{}',
    '2023-04-08', '2023-08-25', '10:00', '11:30', '{Sexta-feira,Sábado}', 'Manhã', 100.00,
    NOW(), NOW()),
(47, 'Aula de Alongamento Orgânico', '1h', '44', '1', 'Estrada do Galeão, número: 860, sala 103/104', '{}',
    NULL, NULL, NULL, NULL, '{}', 'Manhã', NULL,
    NOW(), NOW()),
(48, 'IV Jornada de Sáude da Mulher', '9h', '45', '1', 'Estrada do Galeão, n° 860, sala 103/104', '{2023-07-30}',
    '2023-07-30', '2023-07-30', '09:00', '17:30', '{Domingo}', 'Integral', 100.00,
    NOW(), NOW()),
(49, 'Programa de 8 Semanas de Treinamento em Mindfulness', '20h', '46', '1', 'Estrada do Galeão, n° 860 - sala 103/104', '{2023-12-02,2023-11-04,2023-12-09,2023-11-11,2023-12-16,2023-11-18,2023-10-21,2023-11-25,2023-10-28}',
    '2023-10-21', '2023-12-16', '10:00', '12:00', '{Sábado}', 'Manhã', 1280.00,
    NOW(), NOW()),
(50, 'Programa de 8 Semanas de Treinamento em Mindfulness', '20h.', '47', '2', 'Rua das Palmeiras, 96.', '{2023-12-05,2023-11-07,2023-12-12,2023-11-14,2023-12-19,2023-11-21,2023-10-24,2023-11-28,2023-10-31}',
    '2023-10-24', '2023-12-19', '08:00', '10:00', '{Terça-feira}', 'Manhã', 1280.00,
    NOW(), NOW()),
(51, 'Programa de 8 Semanas de Treinamento em Mindfulness', '20h', '48', '1', 'Estrada do Galeão, 860, sala 103', '{2024-09-02,2024-10-07,2024-09-09,2024-10-14,2024-09-16,2024-08-19,2024-09-23,2024-08-26,2024-09-30}',
    '2024-08-19', '2024-10-14', '08:00', '10:00', '{Segunda-feira}', 'Manhã', 1320.00,
    NOW(), NOW()),
(52, 'Programa de 8 Semanas de Treinamento em Mindfulness', '20H', '49', '2', 'Rua Dona Mariana, 143', '{2024-10-01,2024-09-03,2024-11-04,2024-10-08,2024-09-10,2024-10-15,2024-10-22,2024-10-29}',
    '2024-09-03', '2024-11-04', '13:00', '15:00', '{Terça-feira}', 'Tarde', 1320.00,
    NOW(), NOW()),
(53, 'Programa de 8 Semanas de Treinamento em Mindfulness', '20h', '50', '1', 'Estrada do Galeão,860, sala 103', '{2024-12-02,2024-10-04,2024-11-04,2024-12-09,2024-10-11,2024-11-11,2024-12-16,2024-11-18,2024-10-21,2024-11-25,2024-10-28}',
    '2024-10-21', '2024-12-16', '08:00', '10:00', '{Segunda-feira}', 'Manhã', 1320.00,
    NOW(), NOW()),
(54, 'Programa de 8 Semanas de Treinamento em Mindfulness', '20h', '51', '6', 'Avenida Nossa Senhora de Copacabana, n° 647, sala 910.', '{2024-11-01,2024-12-06,2024-11-08,2024-11-12,2024-12-13,2024-12-20,2024-11-22,2024-10-25,2024-11-29}',
    '2024-10-25', '2024-12-20', '08:00', '10:00', '{Sexta-feira}', 'Manhã', 1320.00,
    NOW(), NOW()),
(55, 'Programa de 8 Semanas de Treinamento em Mindfulness', '20h', '52', '2', 'Rua Dona Mariana,  143', '{2025-07-01,2025-06-03,2025-07-08,2025-06-10,2025-05-13,2025-06-17,2025-05-20,2025-06-24,2025-05-27}',
    '2025-05-13', '2025-07-08', '11:00', '13:00', '{Terça-feira}', 'Manhã', 1500.00,
    NOW(), NOW()),
(56, 'Programa de 8 Semanas de Treinamento em Mindfulness', '20h', '53', '1', 'Estrada do Galeão,860', '{2025-06-02,2025-07-07,2025-06-09,2025-07-14,2025-06-16,2025-07-21,2025-06-23,2025-05-26,2025-06-30}',
    '2025-05-26', '2025-07-21', '08:00', '10:00', '{Segunda-feira}', 'Manhã', 1500.00,
    NOW(), NOW())
;

-- Atualizar sequência CourseClass
SELECT setval('"CourseClass_id_seq"', (SELECT COALESCE(MAX(id), 0) + 1 FROM "CourseClass"), false);

-- 3. INSERIR PRESENCE LISTS
INSERT INTO "PresenceList" (
    id, "courseName", price, presence, foul, replacement, observations,
    "generalRegisterId", "courseClassId", "createdAt", "updatedAt"
) VALUES
(1, 'Oficina Lúdico-Terapêutica', 1260.00, '{2022-09-02,2022-08-12,2022-08-19,2022-08-26}', '{}', '{}', NULL,
    1112, 37, NOW(), NOW()),
(2, 'Oficina Lúdico-Terapêutica', 1260.00, '{2022-09-02,2022-08-12,2022-08-19,2022-08-26}', '{2022-09-09}', '{}', NULL,
    142, 37, NOW(), NOW()),
(3, 'Oficina Lúdico-Terapêutica', 1260.00, '{2022-09-02,2022-09-09,2022-08-12,2022-08-26}', '{2022-08-19}', '{}', NULL,
    1137, 37, NOW(), NOW()),
(4, 'Oficina Lúdico-Terapêutica', 1260.00, '{2022-09-02,2022-08-12,2022-08-19,2022-08-26}', '{}', '{}', NULL,
    1138, 37, NOW(), NOW()),
(5, 'II Jornada da Saúde da Mulher', 75.00, '{2022-08-07}', '{}', '{}', NULL,
    1143, 39, NOW(), NOW()),
(6, 'II Jornada da Saúde da Mulher', 75.00, '{2022-08-07}', '{}', '{}', NULL,
    1144, 39, NOW(), NOW()),
(7, 'II Jornada da Saúde da Mulher', 75.00, '{2022-08-07}', '{}', '{}', NULL,
    1145, 39, NOW(), NOW()),
(8, 'II Jornada da Saúde da Mulher', 75.00, '{2022-08-07}', '{}', '{}', NULL,
    27, 39, NOW(), NOW()),
(9, 'II Jornada da Saúde da Mulher', 75.00, '{2022-08-07}', '{}', '{}', NULL,
    1146, 39, NOW(), NOW()),
(10, 'II Jornada da Saúde da Mulher', 75.00, '{2022-08-07}', '{}', '{}', NULL,
    501, 39, NOW(), NOW()),
(11, 'II Jornada da Saúde da Mulher', 75.00, '{2022-08-07}', '{}', '{}', NULL,
    315, 39, NOW(), NOW()),
(12, 'II Jornada da Saúde da Mulher', 75.00, '{2022-08-07}', '{}', '{}', NULL,
    224, 39, NOW(), NOW()),
(13, 'II Jornada da Saúde da Mulher', 75.00, '{2022-08-07}', '{}', '{}', NULL,
    126, 39, NOW(), NOW()),
(14, 'II Jornada da Saúde da Mulher', 75.00, '{2022-08-07}', '{}', '{}', NULL,
    49, 39, NOW(), NOW()),
(15, 'II Jornada da Saúde da Mulher', 75.00, '{2022-08-07}', '{}', '{}', NULL,
    1147, 39, NOW(), NOW()),
(16, 'II Jornada da Saúde da Mulher', 75.00, '{2022-08-07}', '{}', '{}', NULL,
    1149, 39, NOW(), NOW()),
(17, 'II Jornada da Saúde da Mulher', 75.00, '{2022-08-07}', '{}', '{}', NULL,
    480, 39, NOW(), NOW()),
(18, 'II Jornada da Saúde da Mulher', 75.00, '{2022-08-07}', '{}', '{}', NULL,
    148, 39, NOW(), NOW()),
(19, 'II Jornada da Saúde da Mulher', 75.00, '{2022-08-07}', '{}', '{}', NULL,
    1150, 39, NOW(), NOW()),
(20, 'II Jornada da Saúde da Mulher', 75.00, '{2022-08-07}', '{}', '{}', NULL,
    66, 39, NOW(), NOW()),
(21, 'II Jornada da Saúde da Mulher', 75.00, '{2022-08-07}', '{}', '{}', NULL,
    1151, 39, NOW(), NOW()),
(22, 'II Jornada da Saúde da Mulher', 75.00, '{2022-08-07}', '{}', '{}', NULL,
    1121, 39, NOW(), NOW()),
(23, 'II Jornada da Saúde da Mulher', 75.00, '{2022-08-07}', '{}', '{}', NULL,
    524, 39, NOW(), NOW()),
(24, 'II Jornada da Saúde da Mulher', 75.00, '{2022-08-07}', '{}', '{}', NULL,
    1153, 39, NOW(), NOW()),
(25, 'II Jornada da Saúde da Mulher', 75.00, '{2022-08-07}', '{}', '{}', NULL,
    561, 39, NOW(), NOW()),
(26, 'II Jornada da Saúde da Mulher', 75.00, '{2022-08-07}', '{}', '{}', NULL,
    1154, 39, NOW(), NOW()),
(27, 'II Jornada da Saúde da Mulher', 75.00, '{2022-08-07}', '{}', '{}', NULL,
    1155, 39, NOW(), NOW()),
(28, 'II Jornada da Saúde da Mulher', 75.00, '{2022-08-07}', '{}', '{}', NULL,
    588, 39, NOW(), NOW()),
(29, 'II Jornada da Saúde da Mulher', 75.00, '{2022-08-07}', '{}', '{}', NULL,
    168, 39, NOW(), NOW()),
(30, 'II Jornada da Saúde da Mulher', 75.00, '{2022-08-07}', '{}', '{}', NULL,
    1138, 39, NOW(), NOW()),
(31, 'Programa de 4 Semanas', 500.00, '{}', '{}', '{}', NULL,
    28, 4, NOW(), NOW()),
(32, 'Programa de 4 Semanas', 500.00, '{}', '{}', '{}', NULL,
    11, 4, NOW(), NOW()),
(33, 'Programa de 4 Semanas', 500.00, '{}', '{}', '{}', NULL,
    12, 4, NOW(), NOW()),
(34, 'Programa de 4 Semanas', 500.00, '{}', '{}', '{}', NULL,
    13, 4, NOW(), NOW()),
(35, 'Programa de 4 Semanas', 500.00, '{}', '{}', '{}', NULL,
    15, 5, NOW(), NOW()),
(36, 'Programa de 4 Semanas', 500.00, '{}', '{}', '{}', NULL,
    16, 5, NOW(), NOW()),
(37, 'Programa de 4 Semanas', 500.00, '{}', '{}', '{}', NULL,
    18, 5, NOW(), NOW()),
(38, 'Programa de 4 Semanas', 500.00, '{}', '{}', '{}', NULL,
    19, 5, NOW(), NOW()),
(39, 'Programa de 8 Semanas', 1030.00, '{}', '{}', '{}', NULL,
    29, 6, NOW(), NOW()),
(40, 'Programa de 8 Semanas', 1260.00, '{}', '{}', '{}', NULL,
    22, 6, NOW(), NOW()),
(41, 'Programa de 8 Semanas', NULL, '{}', '{}', '{}', 'Irmão.',
    30, 6, NOW(), NOW()),
(42, 'Programa de 8 Semanas', 1080.00, '{}', '{}', '{}', NULL,
    31, 6, NOW(), NOW()),
(43, 'Programa de 8 Semanas', NULL, '{}', '{}', '{}', 'Família.',
    32, 6, NOW(), NOW()),
(44, 'Programa de 8 Semanas', 1080.00, '{}', '{}', '{}', NULL,
    33, 6, NOW(), NOW()),
(45, 'Programa de 8 Semanas', 1080.00, '{}', '{}', '{}', NULL,
    34, 6, NOW(), NOW()),
(46, 'Programa de 8 Semanas', NULL, '{}', '{}', '{}', 'Irmã.',
    35, 6, NOW(), NOW()),
(47, 'Programa de 8 Semanas', 1080.00, '{}', '{}', '{}', NULL,
    36, 6, NOW(), NOW()),
(48, 'Programa de 8 Semanas', 1030.00, '{}', '{}', '{}', NULL,
    37, 6, NOW(), NOW()),
(49, 'Programa de 8 Semanas', 1260.00, '{}', '{}', '{}', NULL,
    38, 6, NOW(), NOW()),
(50, 'Programa de 8 Semanas', 1260.00, '{}', '{}', '{}', NULL,
    39, 7, NOW(), NOW()),
(51, 'Programa de 8 Semanas', 1080.00, '{}', '{}', '{}', NULL,
    40, 7, NOW(), NOW()),
(52, 'Programa de 8 Semanas', 1170.00, '{}', '{}', '{}', NULL,
    41, 7, NOW(), NOW()),
(53, 'Programa de 8 Semanas', 1080.00, '{}', '{}', '{}', NULL,
    44, 7, NOW(), NOW()),
(54, 'Programa de 8 Semanas', 1080.00, '{}', '{}', '{}', 'Não concluiu o curso.',
    43, 7, NOW(), NOW()),
(55, 'Programa de 8 Semanas', NULL, '{}', '{}', '{}', 'Troca de serviço.',
    42, 7, NOW(), NOW()),
(56, 'Programa de 8 Semanas', 900.00, '{}', '{}', '{}', NULL,
    45, 8, NOW(), NOW()),
(57, 'Programa de 8 Semanas', 900.00, '{}', '{}', '{}', NULL,
    21, 8, NOW(), NOW()),
(58, 'Programa de 8 Semanas', 1052.00, '{}', '{}', '{}', NULL,
    46, 8, NOW(), NOW()),
(59, 'Programa de 8 Semanas', 900.00, '{}', '{}', '{}', NULL,
    47, 8, NOW(), NOW()),
(60, 'Programa de 8 Semanas', 1170.00, '{}', '{}', '{}', NULL,
    48, 8, NOW(), NOW()),
(61, 'Programa de 8 semanas', 1080.00, '{}', '{}', '{}', NULL,
    49, 9, NOW(), NOW()),
(62, 'Programa de 8 semanas', 1080.00, '{}', '{}', '{}', NULL,
    50, 9, NOW(), NOW()),
(63, 'Programa de 8 semanas', 1080.00, '{}', '{}', '{}', NULL,
    51, 9, NOW(), NOW()),
(64, 'Programa de 8 semanas', 972.00, '{}', '{}', '{}', NULL,
    52, 9, NOW(), NOW()),
(65, 'Programa de 8 semanas', NULL, '{}', '{}', '{}', 'Iniciou o curso, mas não terminou.',
    54, 9, NOW(), NOW()),
(66, 'Programa de 8 semanas', 1080.00, '{}', '{}', '{}', NULL,
    53, 9, NOW(), NOW()),
(67, 'Programa de 8 Semanas', 1080.00, '{}', '{}', '{}', NULL,
    55, 10, NOW(), NOW()),
(68, 'Programa de 8 Semanas', 1080.00, '{}', '{}', '{}', NULL,
    56, 10, NOW(), NOW()),
(69, 'Programa de 8 Semanas', 1170.00, '{}', '{}', '{}', NULL,
    57, 10, NOW(), NOW()),
(70, 'Programa de 8 Semanas', 1260.00, '{}', '{}', '{}', NULL,
    58, 10, NOW(), NOW()),
(71, 'Programa de 8 Semanas', 1080.00, '{}', '{}', '{}', NULL,
    59, 10, NOW(), NOW()),
(72, 'Curso Introdutório', 1000.00, '{}', '{}', '{}', NULL,
    60, 11, NOW(), NOW()),
(73, 'Curso Introdutório', 950.00, '{}', '{}', '{}', NULL,
    61, 11, NOW(), NOW()),
(74, 'Curso Introdutório', NULL, '{}', '{}', '{}', 'Não citou na ficha o valor do pagamento.',
    62, 11, NOW(), NOW()),
(75, 'Curso Introdutório', 950.00, '{}', '{}', '{}', NULL,
    63, 11, NOW(), NOW()),
(76, 'Curso Introdutório', NULL, '{}', '{}', '{}', 'Cortesia',
    10, 11, NOW(), NOW()),
(77, 'Curso Introdutório', 950.00, '{}', '{}', '{}', NULL,
    65, 11, NOW(), NOW()),
(78, 'Curso Introdutório', 950.00, '{}', '{}', '{}', NULL,
    53, 11, NOW(), NOW()),
(79, 'Curso Introdutório', 950.00, '{}', '{}', '{}', NULL,
    66, 11, NOW(), NOW()),
(80, 'Curso Introdutório', NULL, '{}', '{}', '{}', NULL,
    67, 11, NOW(), NOW()),
(81, 'Curso Introdutório', 900.00, '{}', '{}', '{}', NULL,
    68, 11, NOW(), NOW()),
(82, 'Curso Introdutório', 1000.00, '{}', '{}', '{}', NULL,
    69, 11, NOW(), NOW()),
(83, 'Curso Introdutório', 1000.00, '{}', '{}', '{}', NULL,
    64, 11, NOW(), NOW()),
(84, 'Curso Introdutório', 1000.00, '{}', '{}', '{}', NULL,
    70, 11, NOW(), NOW()),
(85, 'Curso Introdutório', NULL, '{}', '{}', '{}', NULL,
    71, 11, NOW(), NOW()),
(86, 'Curso Introdutório', 950.00, '{}', '{}', '{}', NULL,
    72, 12, NOW(), NOW()),
(87, 'Curso Introdutório', 950.00, '{}', '{}', '{}', NULL,
    73, 12, NOW(), NOW()),
(88, 'Curso Introdutório', 700.00, '{}', '{}', '{}', NULL,
    15, 12, NOW(), NOW()),
(89, 'Curso Introdutório', 700.00, '{}', '{}', '{}', NULL,
    16, 12, NOW(), NOW()),
(90, 'Curso Introdutório', 950.00, '{}', '{}', '{}', NULL,
    74, 12, NOW(), NOW()),
(91, 'Curso Introdutório', NULL, '{}', '{}', '{}', NULL,
    45, 12, NOW(), NOW()),
(92, 'Curso Introdutório', NULL, '{}', '{}', '{}', NULL,
    75, 12, NOW(), NOW()),
(93, 'Curso Introdutório', NULL, '{}', '{}', '{}', NULL,
    76, 12, NOW(), NOW()),
(94, 'Curso Introdutório', NULL, '{}', '{}', '{}', NULL,
    77, 12, NOW(), NOW()),
(95, 'Curso Introdutório', NULL, '{}', '{}', '{}', NULL,
    78, 12, NOW(), NOW()),
(96, 'Curso Introdutório', NULL, '{}', '{}', '{}', NULL,
    79, 12, NOW(), NOW()),
(97, 'Curso Introdutório', 950.00, '{}', '{}', '{}', NULL,
    80, 12, NOW(), NOW()),
(98, 'Curso Introdutório', NULL, '{}', '{}', '{}', NULL,
    53, 12, NOW(), NOW()),
(99, 'Programa de 8 Semanas', 1080.00, '{}', '{}', '{}', NULL,
    81, 13, NOW(), NOW()),
(100, 'Programa de 8 Semanas', 1080.00, '{}', '{}', '{}', NULL,
    82, 13, NOW(), NOW()),
(101, 'Programa de 8 Semanas', 1260.00, '{}', '{}', '{}', NULL,
    83, 13, NOW(), NOW()),
(102, 'Programa de 8 Semanas', 1080.00, '{}', '{}', '{}', NULL,
    84, 13, NOW(), NOW()),
(103, 'Programa de 8 Semanas', 840.00, '{}', '{}', '{}', NULL,
    16, 13, NOW(), NOW()),
(104, 'Programa de 8 Semanas', NULL, '{}', '{}', '{}', NULL,
    85, 13, NOW(), NOW()),
(105, 'Programa de 8 Semanas', NULL, '{}', '{}', '{}', NULL,
    53, 13, NOW(), NOW()),
(106, 'Programa de 8 Semanas', 1080.00, '{}', '{}', '{}', NULL,
    86, 14, NOW(), NOW()),
(107, 'Programa de 8 Semanas', 1260.00, '{}', '{}', '{}', NULL,
    87, 14, NOW(), NOW()),
(108, 'Programa de 8 Semanas', NULL, '{}', '{}', '{}', NULL,
    88, 14, NOW(), NOW()),
(109, 'Programa de 8 Semanas', NULL, '{}', '{}', '{}', NULL,
    89, 14, NOW(), NOW()),
(110, 'Programa de 8 Semanas', NULL, '{}', '{}', '{}', NULL,
    90, 14, NOW(), NOW()),
(111, 'Programa de 8 Semanas', 1260.00, '{}', '{}', '{}', NULL,
    72, 14, NOW(), NOW()),
(112, 'Curso Introdutório', 1000.00, '{}', '{}', '{}', NULL,
    91, 15, NOW(), NOW()),
(113, 'Curso Introdutório', NULL, '{}', '{}', '{}', NULL,
    92, 15, NOW(), NOW()),
(114, 'Curso Introdutório', 1000.00, '{}', '{}', '{}', NULL,
    93, 15, NOW(), NOW()),
(115, 'Curso Introdutório', NULL, '{}', '{}', '{}', NULL,
    94, 15, NOW(), NOW()),
(116, 'Curso Introdutório', NULL, '{}', '{}', '{}', NULL,
    95, 15, NOW(), NOW()),
(117, 'Curso Introdutório', NULL, '{}', '{}', '{}', NULL,
    96, 15, NOW(), NOW()),
(118, 'Curso Introdutório', NULL, '{}', '{}', '{}', NULL,
    97, 15, NOW(), NOW()),
(119, 'Curso Introdutório', NULL, '{}', '{}', '{}', NULL,
    53, 15, NOW(), NOW()),
(120, 'Curso Introdutório', NULL, '{}', '{}', '{}', NULL,
    98, 16, NOW(), NOW()),
(121, 'Curso Introdutório', 1000.00, '{}', '{}', '{}', NULL,
    99, 16, NOW(), NOW()),
(122, 'Curso Introdutório', NULL, '{}', '{}', '{}', NULL,
    101, 16, NOW(), NOW()),
(123, 'Curso Introdutório', NULL, '{}', '{}', '{}', NULL,
    24, 16, NOW(), NOW()),
(124, 'Curso Introdutório', 950.00, '{}', '{}', '{}', NULL,
    100, 16, NOW(), NOW()),
(125, 'Curso Introdutório', NULL, '{}', '{}', '{}', NULL,
    102, 16, NOW(), NOW()),
(126, 'Curso Introdutório', 1000.00, '{}', '{}', '{}', NULL,
    103, 17, NOW(), NOW()),
(127, 'Curso Introdutório', 950.00, '{}', '{}', '{}', NULL,
    104, 17, NOW(), NOW()),
(128, 'Curso Introdutório', NULL, '{}', '{}', '{}', NULL,
    105, 17, NOW(), NOW()),
(129, 'Curso Introdutório', 950.00, '{}', '{}', '{}', NULL,
    106, 17, NOW(), NOW()),
(130, 'Curso Introdutório', NULL, '{}', '{}', '{}', NULL,
    107, 17, NOW(), NOW()),
(131, 'Curso Introdutório', NULL, '{}', '{}', '{}', NULL,
    66, 17, NOW(), NOW()),
(132, 'Programa de 8 Semanas', 1080.00, '{}', '{}', '{}', NULL,
    109, 18, NOW(), NOW()),
(133, 'Programa de 8 Semanas', NULL, '{}', '{}', '{}', NULL,
    110, 18, NOW(), NOW()),
(134, 'Programa de 8 Semanas', NULL, '{}', '{}', '{}', NULL,
    108, 18, NOW(), NOW()),
(135, 'Programa de 8 Semanas', 1260.00, '{}', '{}', '{}', NULL,
    111, 18, NOW(), NOW()),
(136, 'Programa de 8 Semanas', 1080.00, '{}', '{}', '{}', NULL,
    112, 18, NOW(), NOW()),
(137, 'Programa de 8 Semanas', 1260.00, '{}', '{}', '{}', NULL,
    113, 18, NOW(), NOW()),
(138, 'Programa de 8 Semanas', NULL, '{}', '{}', '{}', NULL,
    26, 18, NOW(), NOW()),
(139, 'Programa de 8 Semanas', NULL, '{}', '{}', '{}', NULL,
    114, 18, NOW(), NOW()),
(140, 'Programa de 8 Semanas', NULL, '{}', '{}', '{}', NULL,
    115, 18, NOW(), NOW()),
(141, 'Programa de 8 Semanas', 950.00, '{}', '{}', '{}', NULL,
    115, 18, NOW(), NOW()),
(142, 'Programa de 8 Semanas', NULL, '{}', '{}', '{}', NULL,
    116, 18, NOW(), NOW()),
(143, 'Programa de 8 Semanas', 1250.00, '{}', '{}', '{}', NULL,
    117, 18, NOW(), NOW()),
(144, 'Programa de 8 Semanas', NULL, '{}', '{}', '{}', NULL,
    118, 18, NOW(), NOW()),
(145, 'Programa de 8 Semanas', NULL, '{}', '{}', '{}', NULL,
    66, 18, NOW(), NOW()),
(146, 'Programa de 8 Semanas', NULL, '{}', '{}', '{}', NULL,
    119, 18, NOW(), NOW()),
(147, 'Programa de 8 Semanas', 1080.00, '{}', '{}', '{}', NULL,
    120, 19, NOW(), NOW()),
(148, 'Programa de 8 Semanas', 800.00, '{}', '{}', '{}', NULL,
    121, 19, NOW(), NOW()),
(149, 'Programa de 8 Semanas', 1260.00, '{}', '{}', '{}', NULL,
    122, 19, NOW(), NOW()),
(150, 'Programa de 8 Semanas', 1080.00, '{}', '{}', '{}', NULL,
    123, 19, NOW(), NOW()),
(151, 'Programa de 8 Semanas', 1080.00, '{}', '{}', '{}', NULL,
    124, 19, NOW(), NOW()),
(152, 'Programa de 8 Semanas', NULL, '{}', '{}', '{}', NULL,
    148, 19, NOW(), NOW()),
(153, 'Programa de 8 Semanas', NULL, '{}', '{}', '{}', NULL,
    20, 19, NOW(), NOW()),
(154, 'Programa de 8 Semanas', NULL, '{}', '{}', '{}', NULL,
    125, 20, NOW(), NOW()),
(155, 'Programa de 8 Semanas', 1030.00, '{}', '{}', '{}', NULL,
    126, 20, NOW(), NOW()),
(156, 'Programa de 8 Semanas', 1260.00, '{}', '{}', '{}', NULL,
    127, 20, NOW(), NOW()),
(157, 'Programa de 8 Semanas', 1080.00, '{}', '{}', '{}', NULL,
    128, 20, NOW(), NOW()),
(158, 'Programa de 8 Semanas', NULL, '{}', '{}', '{}', NULL,
    129, 20, NOW(), NOW()),
(159, 'Programa de 8 Semanas', 1080.00, '{}', '{}', '{}', NULL,
    130, 20, NOW(), NOW()),
(160, 'Programa de 8 Semanas', NULL, '{}', '{}', '{}', NULL,
    27, 20, NOW(), NOW()),
(161, 'Programa de 8 Semanas', 1050.00, '{}', '{}', '{}', NULL,
    131, 20, NOW(), NOW()),
(162, 'Programa de 8 Semanas', 1275.00, '{}', '{}', '{}', NULL,
    132, 20, NOW(), NOW()),
(163, 'Curso Introdutório', 1050.00, '{}', '{}', '{}', NULL,
    135, 21, NOW(), NOW()),
(164, 'Curso Introdutório', 950.00, '{}', '{}', '{}', NULL,
    138, 21, NOW(), NOW()),
(165, 'Curso Introdutório', 950.00, '{}', '{}', '{}', NULL,
    136, 21, NOW(), NOW()),
(166, 'Curso Introdutório', 1005.00, '{}', '{}', '{}', NULL,
    140, 21, NOW(), NOW()),
(167, 'Curso Introdutório', 600.00, '{}', '{}', '{}', NULL,
    141, 21, NOW(), NOW()),
(168, 'Curso Introdutório', 1008.00, '{}', '{}', '{}', NULL,
    133, 21, NOW(), NOW()),
(169, 'Curso Introdutório', 1008.00, '{}', '{}', '{}', NULL,
    139, 21, NOW(), NOW()),
(170, 'Curso Introdutório', NULL, '{}', '{}', '{}', NULL,
    137, 21, NOW(), NOW()),
(171, 'Curso Introdutório', 913.50, '{}', '{}', '{}', NULL,
    134, 21, NOW(), NOW()),
(172, 'Curso Introdutório', 950.00, '{}', '{}', '{}', NULL,
    216, 21, NOW(), NOW()),
(173, 'Curso Introdutório', 900.00, '{}', '{}', '{}', NULL,
    11, 22, NOW(), NOW()),
(174, 'Curso Introdutório', 995.00, '{}', '{}', '{}', NULL,
    144, 22, NOW(), NOW()),
(175, 'Curso Introdutório', 950.00, '{}', '{}', '{}', NULL,
    143, 22, NOW(), NOW()),
(176, 'Curso Introdutório', 1000.00, '{}', '{}', '{}', NULL,
    142, 22, NOW(), NOW()),
(177, 'Programa de 8 Semanas', NULL, '{}', '{}', '{}', 'Assistente.',
    45, 23, NOW(), NOW()),
(178, 'Programa de 8 Semanas', 1260.00, '{}', '{}', '{}', NULL,
    150, 23, NOW(), NOW()),
(179, 'Programa de 8 Semanas', NULL, '{}', '{}', '{}', 'Troca de serviços.',
    147, 23, NOW(), NOW()),
(180, 'Programa de 8 Semanas', 1080.00, '{}', '{}', '{}', NULL,
    23, 23, NOW(), NOW()),
(181, 'Programa de 8 Semanas', 1080.00, '{}', '{}', '{}', NULL,
    145, 23, NOW(), NOW()),
(182, 'Programa de 8 Semanas', 840.00, '{}', '{}', '{}', NULL,
    21, 23, NOW(), NOW()),
(183, 'Programa de 8 Semanas', 1080.00, '{}', '{}', '{}', NULL,
    152, 23, NOW(), NOW()),
(184, 'Programa de 8 Semanas', 800.00, '{}', '{}', '{}', NULL,
    148, 23, NOW(), NOW()),
(185, 'Programa de 8 Semanas', 1000.00, '{}', '{}', '{}', NULL,
    146, 23, NOW(), NOW()),
(186, 'Programa de 8 Semanas', 900.00, '{}', '{}', '{}', NULL,
    20, 23, NOW(), NOW()),
(187, 'Programa de 8 Semanas', 1080.00, '{}', '{}', '{}', NULL,
    153, 23, NOW(), NOW()),
(188, 'Programa de 8 Semanas', NULL, '{}', '{}', '{}', 'Permuta',
    151, 23, NOW(), NOW()),
(189, 'Programa de 8 Semanas', 840.00, '{}', '{}', '{}', NULL,
    149, 23, NOW(), NOW()),
(190, 'Programa de 8 Semanas', NULL, '{}', '{}', '{}', NULL,
    218, 23, NOW(), NOW()),
(191, 'Programa de 8 Semanas', 900.00, '{}', '{}', '{}', NULL,
    154, 24, NOW(), NOW()),
(192, 'Programa de 8 Semanas', NULL, '{}', '{}', '{}', 'Secretária',
    155, 24, NOW(), NOW()),
(193, 'Programa de 8 Semanas', 540.00, '{}', '{}', '{}', NULL,
    156, 24, NOW(), NOW()),
(194, 'Programa de 8 Semanas', 1170.00, '{}', '{}', '{}', NULL,
    157, 24, NOW(), NOW()),
(195, 'Programa de 8 Semanas', NULL, '{}', '{}', '{}', 'Troca de serviços.',
    158, 24, NOW(), NOW()),
(196, 'Programa de 8 Semanas', 1080.00, '{}', '{}', '{}', NULL,
    159, 24, NOW(), NOW()),
(197, 'Programa de 8 Semanas', 1080.00, '{}', '{}', '{}', NULL,
    160, 24, NOW(), NOW()),
(198, 'Programa de 8 Semanas', 1080.00, '{}', '{}', '{}', NULL,
    161, 24, NOW(), NOW()),
(199, 'Programa de 8 Semanas', 1275.00, '{}', '{}', '{}', NULL,
    162, 24, NOW(), NOW()),
(200, 'Curso Introdutório', 950.00, '{}', '{}', '{}', NULL,
    165, 25, NOW(), NOW()),
(201, 'Curso Introdutório', 950.00, '{}', '{}', '{}', NULL,
    166, 25, NOW(), NOW()),
(202, 'Curso Introdutório', 950.00, '{}', '{}', '{}', NULL,
    164, 25, NOW(), NOW()),
(203, 'Curso Introdutório', 950.00, '{}', '{}', '{}', 'pagamento de R$500,00 + 450,00 troca de serviço',
    163, 25, NOW(), NOW()),
(204, 'Programa de 8 Semanas', 1080.00, '{}', '{}', '{}', NULL,
    167, 26, NOW(), NOW()),
(205, 'Programa de 8 Semanas', 1050.00, '{}', '{}', '{}', NULL,
    168, 26, NOW(), NOW()),
(206, 'Programa de 8 Semanas', NULL, '{}', '{}', '{}', 'Assistente',
    169, 26, NOW(), NOW()),
(207, 'Programa de 8 Semanas', 450.00, '{}', '{}', '{}', NULL,
    140, 26, NOW(), NOW()),
(208, 'Programa de 8 Semanas', 720.00, '{}', '{}', '{}', NULL,
    134, 27, NOW(), NOW()),
(209, 'Programa de 8 Semanas', 1260.00, '{}', '{}', '{}', NULL,
    171, 27, NOW(), NOW()),
(210, 'Programa de 8 Semanas', 1080.00, '{}', '{}', '{}', NULL,
    172, 27, NOW(), NOW()),
(211, 'Programa de 8 Semanas', 1080.00, '{}', '{}', '{}', NULL,
    173, 27, NOW(), NOW()),
(212, 'Programa de 8 Semanas', 1080.00, '{}', '{}', '{}', NULL,
    149, 27, NOW(), NOW()),
(213, 'Programa de 8 Semanas', 1080.00, '{}', '{}', '{}', NULL,
    175, 27, NOW(), NOW()),
(214, 'Programa de 8 Semanas', 1170.00, '{}', '{}', '{}', NULL,
    176, 27, NOW(), NOW()),
(215, 'Programa de 8 Semanas', 1260.00, '{}', '{}', '{}', NULL,
    174, 27, NOW(), NOW()),
(216, 'Programa de 8 Semanas', 840.00, '{}', '{}', '{}', 'Pagamento R$840,00 + Assistência.',
    25, 27, NOW(), NOW()),
(217, 'Programa de 8 Semanas', 1260.00, '{}', '{}', '{}', NULL,
    170, 27, NOW(), NOW()),
(218, 'Curso Introdutório', 1015.00, '{}', '{}', '{}', NULL,
    177, 28, NOW(), NOW()),
(219, 'Curso Introdutório', 800.00, '{}', '{}', '{}', NULL,
    178, 28, NOW(), NOW()),
(220, 'Curso Introdutório', 950.00, '{}', '{}', '{}', NULL,
    179, 28, NOW(), NOW()),
(221, 'Curso Introdutório', 800.00, '{}', '{}', '{}', NULL,
    180, 28, NOW(), NOW()),
(223, 'Curso Introdutório', 500.00, '{}', '{}', '{}', 'Pagamento R$500,00 + Assistência',
    182, 29, NOW(), NOW()),
(224, 'Curso Introdutório', 970.00, '{}', '{}', '{}', NULL,
    183, 29, NOW(), NOW()),
(225, 'Curso Introdutório', 950.00, '{}', '{}', '{}', NULL,
    181, 29, NOW(), NOW()),
(226, 'Programa de 8 Semanas', 800.00, '{}', '{}', '{}', NULL,
    171, 30, NOW(), NOW()),
(227, 'Programa de 8 Semanas', NULL, '{}', '{}', '{}', 'Troca de serviço.',
    184, 30, NOW(), NOW()),
(228, 'Programa de 8 Semanas', NULL, '{}', '{}', '{}', 'Assistente.',
    169, 30, NOW(), NOW()),
(229, 'Programa de 8 Semanas', 972.00, '{}', '{}', '{}', NULL,
    185, 30, NOW(), NOW()),
(230, 'Programa de 8 Semanas', 1080.00, '{}', '{}', '{}', NULL,
    186, 30, NOW(), NOW()),
(231, 'Programa de 8 Semanas', 1080.00, '{}', '{}', '{}', NULL,
    187, 30, NOW(), NOW()),
(232, 'Programa de 8 Semanas', 972.00, '{}', '{}', '{}', 'Não concluiu nessa turma',
    188, 30, NOW(), NOW()),
(233, 'Curso Introdutório', 1008.00, '{}', '{}', '{}', NULL,
    189, 31, NOW(), NOW()),
(234, 'Curso Introdutório', 1008.00, '{}', '{}', '{}', NULL,
    189, 31, NOW(), NOW()),
(235, 'Curso Introdutório', 200.00, '{}', '{}', '{}', NULL,
    141, 31, NOW(), NOW()),
(236, 'Curso Introdutório', 200.00, '{}', '{}', '{}', NULL,
    190, 31, NOW(), NOW()),
(237, 'Curso Introdutório', NULL, '{}', '{}', '{}', 'Assistente.',
    78, 31, NOW(), NOW()),
(238, 'Curso Introdutório', 600.00, '{}', '{}', '{}', NULL,
    191, 31, NOW(), NOW()),
(239, 'Programa de 8 Semanas', 800.00, '{}', '{}', '{}', NULL,
    168, 32, NOW(), NOW()),
(240, 'Programa de 8 Semanas', 1080.00, '{}', '{}', '{}', NULL,
    194, 32, NOW(), NOW()),
(241, 'Programa de 8 Semanas', 1080.00, '{}', '{}', '{}', NULL,
    192, 32, NOW(), NOW()),
(242, 'Programa de 8 Semanas', NULL, '{}', '{}', '{}', 'Cortesia.',
    10, 32, NOW(), NOW()),
(243, 'Programa de 8 Semanas', 1080.00, '{}', '{}', '{}', NULL,
    195, 32, NOW(), NOW()),
(244, 'Programa de 8 Semanas', 800.00, '{}', '{}', '{}', NULL,
    193, 32, NOW(), NOW()),
(245, 'Programa de 8 Semanas', 1080.00, '{}', '{}', '{}', NULL,
    197, 33, NOW(), NOW()),
(246, 'Programa de 8 Semanas', 1080.00, '{}', '{}', '{}', NULL,
    198, 33, NOW(), NOW()),
(247, 'Programa de 8 Semanas', 1053.00, '{}', '{}', '{}', NULL,
    199, 33, NOW(), NOW()),
(248, 'Programa de 8 Semanas', 800.00, '{}', '{}', '{}', NULL,
    200, 33, NOW(), NOW()),
(249, 'Programa de 8 Semanas', 970.00, '{}', '{}', '{}', NULL,
    201, 33, NOW(), NOW()),
(250, 'Programa de 8 Semanas', NULL, '{}', '{}', '{}', 'Troca de serviço.',
    184, 33, NOW(), NOW()),
(251, 'Programa de 8 Semanas', NULL, '{}', '{}', '{}', 'Assistente.',
    203, 33, NOW(), NOW()),
(252, 'Programa de 8 Semanas', NULL, '{}', '{}', '{}', 'Assistente',
    204, 33, NOW(), NOW()),
(253, 'Programa de 8 Semanas', 1170.00, '{}', '{}', '{}', NULL,
    205, 33, NOW(), NOW()),
(254, 'Programa de 8 Semanas', 1080.00, '{}', '{}', '{}', NULL,
    202, 33, NOW(), NOW()),
(255, 'Curso de Aprofundamento', 425.00, '{}', '{}', '{}', NULL,
    126, 34, NOW(), NOW()),
(256, 'Curso de Aprofundamento', 425.00, '{}', '{}', '{}', NULL,
    168, 34, NOW(), NOW()),
(257, 'Curso de Aprofundamento', NULL, '{}', '{}', '{}', NULL,
    180, 34, NOW(), NOW()),
(258, 'Curso Introdutório', 900.00, '{}', '{}', '{}', NULL,
    209, 35, NOW(), NOW()),
(259, 'Curso Introdutório', 950.00, '{}', '{}', '{}', NULL,
    208, 35, NOW(), NOW()),
(260, 'Curso Introdutório', 950.00, '{}', '{}', '{}', NULL,
    235, 35, NOW(), NOW()),
(261, 'Curso Introdutório', 950.00, '{}', '{}', '{}', NULL,
    207, 35, NOW(), NOW()),
(262, 'Curso Introdutório', 800.00, '{}', '{}', '{}', NULL,
    205, 35, NOW(), NOW()),
(263, 'Curso Introdutório', NULL, '{}', '{}', '{}', 'Troca de serviço.',
    206, 35, NOW(), NOW()),
(264, 'Programa de 8 Semanas', 900.00, '{}', '{}', '{}', NULL,
    211, 36, NOW(), NOW()),
(265, 'Programa de 8 Semanas', 900.00, '{}', '{}', '{}', NULL,
    212, 36, NOW(), NOW()),
(266, 'Programa de 8 Semanas', NULL, '{}', '{}', '{}', 'Assistente.',
    215, 36, NOW(), NOW()),
(267, 'Programa de 4 Semanas', NULL, '{}', '{}', '{}', NULL,
    17, 5, NOW(), NOW()),
(268, 'Imersão em Mindfulness', NULL, '{2023-01-14}', '{2023-01-15}', '{}', NULL,
    192, 40, NOW(), NOW()),
(269, 'Imersão em Mindfulness', 888.00, '{2023-01-14,2023-01-15}', '{}', '{}', NULL,
    114, 40, NOW(), NOW()),
(270, 'Imersão em Mindfulness', NULL, '{2023-01-14,2023-01-15}', '{}', '{}', NULL,
    168, 40, NOW(), NOW()),
(271, 'Imersão em Mindfulness', NULL, '{2023-01-14,2023-01-15}', '{}', '{}', NULL,
    78, 40, NOW(), NOW()),
(272, 'Imersão em Mindfulness', NULL, '{2023-01-14,2023-01-15}', '{}', '{}', NULL,
    1138, 40, NOW(), NOW()),
(273, 'III Jornada Sáude da Mulher', 100.00, '{2023-03-12}', '{}', '{}', NULL,
    192, 41, NOW(), NOW()),
(274, 'III Jornada Sáude da Mulher', 100.00, '{2023-03-12}', '{}', '{}', NULL,
    1176, 41, NOW(), NOW()),
(275, 'III Jornada Sáude da Mulher', 100.00, '{2023-03-12}', '{}', '{}', NULL,
    1175, 41, NOW(), NOW()),
(276, 'III Jornada Sáude da Mulher', 100.00, '{2023-03-12}', '{}', '{}', NULL,
    602, 41, NOW(), NOW()),
(277, 'III Jornada Sáude da Mulher', 100.00, '{2023-03-12}', '{}', '{}', NULL,
    1179, 41, NOW(), NOW()),
(278, 'Imersão em Mindfulness', NULL, '{2023-04-01,2023-04-02}', '{}', '{}', NULL,
    192, 42, NOW(), NOW()),
(279, 'Imersão em Mindfulness', NULL, '{2023-04-01,2023-04-02}', '{}', '{}', NULL,
    1138, 42, NOW(), NOW()),
(280, 'Imersão em Mindfulness', 250.00, '{2023-04-01,2023-04-02}', '{}', '{}', NULL,
    114, 42, NOW(), NOW()),
(281, 'Imersão em Mindfulness', 888.88, '{2023-04-01,2023-04-02}', '{}', '{}', NULL,
    1122, 42, NOW(), NOW()),
(282, 'Imersão em Mindfulness', 888.00, '{2023-04-01,2023-04-02}', '{}', '{}', NULL,
    503, 42, NOW(), NOW()),
(283, 'III Jornada Sáude da Mulher', 100.00, '{2023-03-12}', '{}', '{}', NULL,
    1178, 41, NOW(), NOW()),
(284, 'III Jornada Sáude da Mulher', 100.00, '{}', '{2023-03-12}', '{}', 'Não pode comparecer, problemas de saúde.  Avisou no dia do evento.',
    1172, 41, NOW(), NOW()),
(285, 'III Jornada Sáude da Mulher', 100.00, '{}', '{2023-03-12}', '{}', 'Não compareceu, problemas pessoais. Avisou no dia seguinte do evento.',
    1173, 41, NOW(), NOW()),
(286, 'III Jornada Sáude da Mulher', 100.00, '{2023-03-12}', '{}', '{}', NULL,
    67, 41, NOW(), NOW()),
(287, 'III Jornada Sáude da Mulher', 100.00, '{2023-03-12}', '{}', '{}', NULL,
    1180, 41, NOW(), NOW()),
(288, 'III Jornada Sáude da Mulher', NULL, '{2023-03-12}', '{}', '{}', NULL,
    168, 41, NOW(), NOW()),
(289, 'Imersão em Mindfulness', NULL, '{2023-04-01,2023-04-02}', '{}', '{}', NULL,
    168, 42, NOW(), NOW()),
(290, 'Oficina Lúdico-Terapêutica em Grupo para Jovens', 1260.00, '{2023-06-02,2023-06-09,2023-06-16}', '{2023-06-23}', '{}', 'Valor da Oficina parcelado em 3x420, 1° parcela paga em 02/06/2023, demais para dia 02/07 e 02/08.',
    60, 43, NOW(), NOW()),
(291, 'Oficina Lúdico-Terapêutica em Grupo para Jovens', 1260.00, '{2023-06-02,2023-06-09,2023-06-16,2023-06-26}', '{}', '{}', NULL,
    1193, 43, NOW(), NOW()),
(292, 'Oficina Lúdico-Terapêutica em Grupo para Jovens', NULL, '{2023-06-02,2023-06-09,2023-06-16,2023-06-23}', '{}', '{}', NULL,
    1138, 43, NOW(), NOW()),
(293, 'Programa de 8 Semanas em Mindfulness', 1280.00, '{2023-07-01,2023-06-03,2023-06-17,2023-06-24}', '{2023-06-10}', '{2023-06-10}', 'Parcelado em 4x320. 1° parcela paga em  02/06/23.
2° parcela paga 06/07/23.',
    539, 44, NOW(), NOW()),
(294, 'Programa de 8 Semanas em Mindfulness', NULL, '{2023-07-01,2023-06-03,2023-06-10,2023-06-17,2023-06-24}', '{}', '{}', NULL,
    847, 44, NOW(), NOW()),
(295, 'Programa de 8 Semanas em Mindfulness', 1260.00, '{2023-07-01,2023-06-03,2023-06-10,2023-06-17,2023-06-24}', '{}', '{}', NULL,
    276, 44, NOW(), NOW()),
(296, 'Programa de 8 Semanas em Mindfulness', NULL, '{2023-06-03,2023-06-10,2023-06-17}', '{2023-07-01,2023-06-24}', '{}', NULL,
    192, 44, NOW(), NOW()),
(297, 'Programa de 8 Semanas em Mindfulness', NULL, '{2023-07-01,2023-06-03,2023-06-10,2023-06-17,2023-06-24}', '{}', '{}', NULL,
    1192, 44, NOW(), NOW()),
(298, 'Programa de 8 Semanas em Mindfulness', NULL, '{2023-07-01,2023-06-03,2023-06-10,2023-06-17,2023-06-24}', '{}', '{}', NULL,
    1138, 44, NOW(), NOW()),
(299, 'IV Jornada de Sáude da Mulher', 100.00, '{2023-07-30}', '{}', '{}', NULL,
    292, 48, NOW(), NOW()),
(300, 'IV Jornada de Sáude da Mulher', 100.00, '{2023-07-30}', '{}', '{}', NULL,
    561, 48, NOW(), NOW()),
(301, 'IV Jornada de Sáude da Mulher', 100.00, '{2023-07-30}', '{}', '{}', NULL,
    1097, 48, NOW(), NOW()),
(302, 'IV Jornada de Sáude da Mulher', 100.00, '{2023-07-30}', '{}', '{}', NULL,
    1209, 48, NOW(), NOW()),
(303, 'IV Jornada de Sáude da Mulher', 100.00, '{2023-07-30}', '{}', '{}', NULL,
    1210, 48, NOW(), NOW()),
(304, 'IV Jornada de Sáude da Mulher', 100.00, '{2023-07-30}', '{}', '{}', NULL,
    1208, 48, NOW(), NOW()),
(305, 'IV Jornada de Sáude da Mulher', 100.00, '{2023-07-30}', '{}', '{}', NULL,
    184, 48, NOW(), NOW()),
(306, 'IV Jornada de Sáude da Mulher', 100.00, '{2023-07-30}', '{}', '{}', NULL,
    1215, 48, NOW(), NOW()),
(307, 'IV Jornada de Sáude da Mulher', 100.00, '{}', '{2023-07-30}', '{}', 'FALTOU E PAGOU.',
    1216, 48, NOW(), NOW()),
(308, 'IV Jornada de Sáude da Mulher', NULL, '{}', '{2023-07-30}', '{}', 'FALTOU E PAGOU.',
    1168, 48, NOW(), NOW()),
(309, 'IV Jornada de Sáude da Mulher', NULL, '{2023-07-30}', '{}', '{}', NULL,
    1193, 48, NOW(), NOW()),
(310, 'IV Jornada de Sáude da Mulher', 100.00, '{2023-07-30}', '{}', '{}', NULL,
    1218, 48, NOW(), NOW()),
(311, 'IV Jornada de Sáude da Mulher', NULL, '{}', '{}', '{}', 'Não foi cobrada.',
    1212, 48, NOW(), NOW()),
(312, 'IV Jornada de Sáude da Mulher', 100.00, '{2023-07-30}', '{}', '{}', NULL,
    1211, 48, NOW(), NOW()),
(313, 'IV Jornada de Sáude da Mulher', 80.00, '{2023-07-30}', '{}', '{}', NULL,
    1213, 48, NOW(), NOW()),
(314, 'Programa de 8 Semanas Em Mindfulness', 1280.00, '{2023-11-04,2023-11-11,2023-11-18,2023-10-21,2023-11-25,2023-10-28}', '{}', '{}', NULL,
    1233, 49, NOW(), NOW()),
(315, 'Programa de 8 Semanas Em Mindfulness', NULL, '{2023-12-02,2023-11-04,2023-12-09,2023-11-11,2023-11-18,2023-10-21,2023-11-25,2023-10-28}', '{}', '{}', NULL,
    1232, 49, NOW(), NOW()),
(316, 'Programa de 8 Semanas em Mindfulness', 1230.00, '{2023-12-05,2023-12-12,2023-12-19,2023-11-21,2023-10-24,2023-11-28,2023-10-31}', '{2023-11-07,2023-11-14}', '{}', NULL,
    202, 50, NOW(), NOW()),
(317, 'Programa de 8 Semanas em Mindfulness', 1230.00, '{2023-11-07,2023-11-14,2023-11-21,2023-10-24,2023-11-28,2023-10-31}', '{}', '{}', NULL,
    1234, 50, NOW(), NOW()),
(318, 'Programa de 8 Semanas em Mindfulness', 1280.00, '{2023-11-07,2023-12-12,2023-11-14,2023-12-19,2023-11-21,2023-10-24,2023-11-28,2023-10-31}', '{2023-12-05}', '{}', NULL,
    1235, 50, NOW(), NOW()),
(319, 'Programa de 8 Semanas em Mindfulness', 1230.00, '{2023-11-07,2023-11-14,2023-11-21,2023-10-24,2023-11-28,2023-10-31}', '{}', '{}', NULL,
    171, 50, NOW(), NOW()),
(320, 'Programa de 8 Semanas em Mindfulness', NULL, '{2023-11-07,2023-11-14,2023-11-21,2023-10-24,2023-11-28,2023-10-31}', '{}', '{}', NULL,
    790, 50, NOW(), NOW()),
(321, 'Programa de 8 Semanas em Mindfulness', 1320.00, '{2024-10-01,2024-09-03,2024-10-04,2024-10-08,2024-09-10,2024-09-17,2024-10-29}', '{2024-10-15,2024-10-22}', '{}', NULL,
    1253, 52, NOW(), NOW()),
(322, 'Programa de 8 Semanas em Mindfulness', 1320.00, '{2024-10-01,2024-09-03,2024-11-04,2024-09-10,2024-10-15,2024-09-17,2024-10-22,2024-10-29}', '{2024-10-08}', '{}', NULL,
    1223, 52, NOW(), NOW()),
(323, 'Programa de 8 Semanas em Mindfulness', 1320.00, '{2024-10-01,2024-09-03,2024-11-04,2024-10-08,2024-09-10,2024-10-15,2024-09-17}', '{2024-10-22,2024-10-29}', '{}', NULL,
    790, 52, NOW(), NOW()),
(324, 'Programa de 8 Semanas em Mindfulness', 1320.00, '{2024-10-01,2024-09-03,2024-11-04,2024-10-08,2024-09-10,2024-10-15,2024-09-17,2024-10-22,2024-10-29}', '{}', '{}', NULL,
    1254, 52, NOW(), NOW()),
(325, 'Programa de 8 Semanas de Treinamento em Mindfulness', 1500.00, '{2025-06-02,2025-06-09,2025-06-16,2025-06-23,2025-05-26}', '{}', '{}', NULL,
    1262, 56, NOW(), NOW()),
(326, 'Programa de 8 Semanas de Treinamento em Mindfulness', 0.00, '{2025-06-02,2025-05-26}', '{2025-07-07,2025-06-09,2025-07-14,2025-06-16,2025-07-21,2025-06-23,2025-06-30}', '{}', NULL,
    1249, 56, NOW(), NOW()),
(327, 'Programa de 8 Semanas de Treinamento em Mindfulness', 450.00, '{2025-06-02,2025-05-26}', '{2025-07-07,2025-06-09,2025-07-14,2025-06-16,2025-07-21,2025-06-23,2025-06-30}', '{}', NULL,
    1261, 56, NOW(), NOW())
;

-- Atualizar sequência PresenceList
SELECT setval('"PresenceList_id_seq"', (SELECT COALESCE(MAX(id), 0) + 1 FROM "PresenceList"), false);